h_w_m2k,area_m2,delta_t_k,heat_dissipation_w
388.1082,0.368616,10.896,1635.7033
222.2448,0.443315,48.5349,4611.7259
430.006,0.460608,17.2579,3275.316
350.1972,0.252313,19.471,1760.449
51.6178,0.260617,65.0669,919.6629
487.9331,0.400135,42.3281,8280.7583
381.7642,0.157911,92.576,5233.255
394.1018,0.418854,35.3199,5446.9368
68.4162,0.247577,73.9871,1166.9042
227.941,0.058813,48.8044,598.9191
188.545,0.036958,67.6954,474.3012
463.7487,0.421155,61.9711,12803.9265
323.7132,0.028728,49.9145,463.8814
412.267,0.141025,95.2558,4946.3196
224.49,0.167731,37.5578,1400.7734
117.4832,0.087324,21.8374,222.2162
279.5195,0.157633,69.4189,3396.6486
36.5895,0.371604,85.3707,1079.2063
414.6774,0.008327,8.8241,29.8794
317.6739,0.41376,47.7151,6830.1074
380.2534,0.428417,89.7863,14959.6587
180.4904,0.186759,76.2138,2642.4091
485.4955,0.077653,99.2217,3762.1623
447.095,0.300819,55.4843,7586.4814
390.2998,0.060717,67.6996,1667.9287
101.3462,0.183095,33.7356,601.1657
236.0269,0.479256,95.0159,11230.3219
26.6829,0.497737,39.8019,493.5388
81.3733,0.38628,75.1585,2401.5584
343.1092,0.15617,43.2983,2340.8942
373.6573,0.344145,58.3728,7278.5119
483.9173,0.352998,73.3793,12520.5768
166.2836,0.194533,53.3487,1672.8173
188.3776,0.320803,91.1732,5222.3222
237.4301,0.006353,44.8336,66.4425
98.7883,0.10532,66.4718,654.4557
69.3111,0.263019,37.5244,695.2066
240.4739,0.082712,43.7749,822.0292
117.3201,0.083788,46.8048,476.7627
336.5579,0.418316,16.9517,2249.6816
221.3902,0.494577,13.7137,1459.6607
417.1757,0.278429,68.4115,7701.9266
351.6312,0.419696,67.2742,10608.2976
159.6215,0.495171,67.9764,5462.3131
416.9686,0.071656,6.8778,203.3343
403.3584,0.224675,36.022,3346.8923
196.8018,0.196894,23.7919,829.7242
147.7224,0.040945,78.9244,476.3405
342.8353,0.37791,86.7599,12421.3288
74.1775,0.217456,28.4346,461.7049
103.9546,0.235194,68.4457,1679.1548
8.6443,0.076186,17.2895,11.7028
394.5276,0.091282,31.1395,1172.7994
334.1012,0.453645,18.1722,2492.4495
354.0569,0.02328,31.9345,241.9817
391.4609,0.117193,69.1,3203.5787
232.1633,0.146738,91.4811,3007.0652
286.5269,0.245609,24.2396,1821.4831
74.1995,0.293636,56.4975,1211.7023
61.6924,0.247152,71.6322,991.5061
335.8595,0.042974,95.5276,1294.0567
238.1926,0.12259,62.9557,1602.1769
284.7919,0.421951,29.2352,3472.2476
383.6744,0.319157,64.4204,7814.4747
319.1856,0.324925,35.4467,3599.027
279.0218,0.335431,97.7322,9653.9959
281.8075,0.381689,42.9692,4907.3263
155.4553,0.029996,70.1156,324.1796
20.2548,0.183938,7.2066,24.1311
221.1751,0.270224,43.0058,2650.8917
111.2194,0.16989,88.1352,1712.2094
207.2217,0.422395,62.9716,5597.7957
427.4345,0.241804,47.1746,5120.9797
120.8,0.384545,93.9141,4115.7706
33.8599,0.426156,86.1285,1374.1052
144.285,0.252891,35.6105,1238.5079
150.3289,0.454867,56.7321,4027.3979
332.6487,0.293975,51.5333,4631.7346
280.7309,0.425287,65.0592,7414.4809
393.0296,0.170955,36.7406,2663.0542
333.8352,0.24991,28.1995,2322.153
206.1615,0.266174,91.7038,5248.0686
407.9401,0.053385,92.7681,2044.3659
87.6516,0.199878,85.1157,1483.3874
16.2425,0.458751,97.9294,781.1934
49.5737,0.315785,75.7742,1172.2642
362.5679,0.089576,77.6434,2306.8331
233.6292,0.170089,77.4461,2956.3816
84.8295,0.09661,50.6577,426.7597
253.0172,0.013387,48.363,167.0806
80.3945,0.463803,27.8215,959.206
349.6786,0.224655,66.2578,5019.8909
225.8474,0.15446,32.4854,1100.747
193.6055,0.29964,29.4918,1679.8978
154.2485,0.00465,60.6663,40.6196
316.9899,0.139733,43.9483,1886.4353
184.0972,0.351814,25.7914,1610.6938
48.3867,0.317251,82.5253,1316.6493
63.4129,0.490921,86.7541,2812.2219
481.1393,0.310558,20.9315,3104.8989
454.7474,0.239275,5.7132,609.5823
351.355,0.380955,36.9323,4978.116
136.6056,0.451761,80.7635,4784.7643
484.7423,0.360627,84.7215,13984.9231
390.4817,0.481642,18.1413,3255.1892
359.8606,0.391221,78.5619,10714.7808
227.4339,0.433534,15.9919,1487.6947
139.7596,0.057938,42.0559,343.3136
52.7135,0.366474,99.8679,2000.9542
451.7882,0.220604,23.2961,2144.7126
230.6093,0.276999,19.6265,1255.2899
105.1699,0.327397,45.166,1538.1626
156.4485,0.484938,63.8685,4929.0137
291.7137,0.492304,93.6256,13437.0555
92.5025,0.144826,98.178,1223.065
429.0241,0.367143,11.6159,1717.7338
380.4672,0.375242,18.1098,2589.2864
361.1342,0.1739,80.1201,5297.2347
218.8861,0.062811,30.7101,377.9671
315.5179,0.021433,89.0607,612.7605
294.1285,0.388894,68.0281,8258.2682
326.6741,0.24536,15.6253,1242.8621
46.7999,0.492785,84.0903,1993.4056
210.8247,0.233022,21.7539,1031.7802
25.599,0.488981,45.2321,562.8197
249.5255,0.206376,57.4576,2728.5034
168.2813,0.397047,52.5728,3124.1539
76.5395,0.043325,70.1855,243.9728
56.1845,0.278175,67.0052,996.9075
295.8841,0.401228,99.244,11516.6239
89.4435,0.462426,99.9451,3856.9718
462.9345,0.411469,54.0636,9597.2055
292.6253,0.019448,14.0439,79.2335
176.7006,0.186978,74.1451,2361.9433
297.5032,0.025301,97.7831,750.0542
16.2879,0.055532,35.241,32.6049
479.4868,0.337978,48.8148,8038.6577
243.7402,0.356916,45.3538,3992.895
392.4539,0.387087,9.8848,1624.8991
45.9513,0.432863,68.8651,1298.57
245.8959,0.369976,38.5671,3499.0409
247.9,0.400635,79.8091,8388.2922
469.2241,0.025433,84.0514,1068.5139
288.0054,0.118033,83.0169,2628.4374
239.3773,0.311327,44.5833,3271.0626
137.153,0.429205,35.5468,2239.5547
169.1267,0.003246,76.138,42.8683
262.7328,0.2578,81.132,5549.1899
222.2612,0.338966,51.6695,3850.5894
15.698,0.015774,89.8379,21.8229
414.0145,0.201276,18.6713,1578.4914
448.5996,0.447922,88.5115,17562.2722
74.4233,0.336135,14.129,352.7042
279.2479,0.119592,19.5849,656.6273
58.745,0.426538,55.7148,1349.506
337.7588,0.174668,11.4143,691.5473
144.2107,0.426819,10.0167,713.2584
331.4142,0.150173,5.0493,229.9352
364.8623,0.29557,46.4501,5091.0977
385.4805,0.199073,78.5893,5805.9183
58.3318,0.138138,8.3096,68.9188
458.4259,0.443392,66.9645,13643.0861
118.9559,0.094609,83.1971,972.6829
23.5192,0.043321,20.9601,22.6485
279.652,0.171622,18.9521,918.3841
188.6065,0.359102,86.7761,6219.5185
415.7459,0.403908,83.1968,12425.4433
405.0845,0.499373,56.1995,12309.4612
161.9838,0.148885,82.824,2035.2696
476.6852,0.204563,13.8118,1421.3958
149.0043,0.069274,42.4757,412.496
259.9533,0.287861,75.0908,5390.4482
131.7027,0.498792,29.4579,1949.3325
468.3416,0.35074,76.4712,12550.925
86.4809,0.298011,52.897,1382.707
27.2308,0.196792,76.2753,431.5203
220.373,0.457734,49.1446,4538.5377
496.2259,0.248961,39.9509,5181.844
446.3802,0.068049,25.823,784.7176
375.561,0.183324,24.796,1689.883
445.9423,0.034516,76.3916,1092.4514
447.2561,0.101788,16.2965,760.7962
261.8349,0.009817,13.1683,29.9987
161.3849,0.227187,21.7477,823.6417
387.1462,0.317636,21.6579,2471.8389
332.5223,0.172303,83.1952,4779.3927
189.9606,0.210771,42.8581,1705.7634
51.761,0.479645,99.0869,2608.1672
374.6609,0.37623,18.0351,2519.5887
134.918,0.270887,67.0863,2368.2054
468.7225,0.142986,47.6293,3112.3075
124.2804,0.448601,42.3272,2514.9161
65.7652,0.118313,88.133,704.3917
416.4008,0.163346,97.6816,6517.1684
80.8757,0.454623,87.9216,3194.7082
93.7378,0.265241,23.2686,534.9276
301.6945,0.371417,25.9758,2967.7911
437.9082,0.295782,67.327,7986.0089
102.2352,0.327066,32.4629,1127.0646
158.6102,0.150392,74.7989,1795.7455
389.8154,0.121445,58.81,3137.0418
486.0541,0.161924,57.3363,4271.0606
252.8669,0.078565,83.712,1654.5549
76.2293,0.437283,72.5006,2644.0836
11.8985,0.14234,7.5249,13.5266
118.6797,0.281183,9.6986,312.5775
70.252,0.396195,62.1481,1749.2781
340.441,0.392128,51.1882,6834.1373
65.3071,0.219755,29.7175,432.5478
255.6333,0.238652,44.7723,2637.675
348.6599,0.497356,77.0015,13293.1843
292.6527,0.337624,83.5281,7619.3399
103.8889,0.407505,58.3162,2485.5652
403.0416,0.451374,41.6101,7742.081
359.1265,0.394007,30.7162,4297.153
370.7971,0.093404,54.5823,1743.7538
69.8736,0.281523,34.9012,721.3291
66.2581,0.051845,58.589,204.9649
464.1435,0.326808,69.282,10134.4493
201.8012,0.477719,11.2775,1072.0554
153.9696,0.256853,5.1014,187.1646
246.8491,0.217053,25.1663,1281.0063
333.1178,0.018886,89.9786,551.046
478.0335,0.479927,66.3976,16197.997
146.7909,0.052398,21.3362,158.9453
462.7802,0.021498,89.5751,920.1773
17.3054,0.123787,49.6458,103.5266
279.823,0.0337,50.2287,479.5628
318.8177,0.228104,93.8765,6778.9336
57.4192,0.258528,10.6512,165.1668
74.4681,0.156972,25.4419,289.5546
212.4616,0.026429,60.6483,314.8018
483.2848,0.056689,23.5712,602.6597
300.0411,0.192868,69.5551,3919.3979
466.8465,0.031204,25.3388,346.7709
403.1587,0.349397,14.4199,2073.3137
236.3539,0.104303,24.6636,594.0225
393.4579,0.151734,45.1597,3035.9573
13.8292,0.197669,21.7331,54.4658
59.0263,0.208888,17.7957,221.6651
415.5672,0.001829,86.7268,62.2934
399.4245,0.056923,35.4377,786.0953
120.1572,0.43152,39.2721,2050.7129
267.7309,0.001615,10.2507,3.9465
304.9778,0.254576,38.9501,3060.1044
434.5308,0.245262,30.1567,3534.7166
303.538,0.167214,62.9961,3125.7409
209.2229,0.216232,24.5121,1123.4439
190.2211,0.39051,89.3947,6989.7008
215.8116,0.420761,93.3183,8404.5936
327.7059,0.130914,14.484,603.5895
434.4079,0.161923,15.2033,954.3899
229.679,0.121999,15.956,461.6582
127.6806,0.240452,63.8591,1949.4773
122.1479,0.341946,16.5871,658.601
374.2771,0.114898,85.9763,3720.7822
409.2015,0.166037,76.6558,5058.3982
57.1126,0.465262,82.8818,2144.9372
37.9466,0.025236,54.9758,54.2665
299.2447,0.230924,99.6843,6442.5806
77.3558,0.356067,9.1966,266.9292
413.2088,0.076077,43.1202,1264.0099
158.6157,0.02464,35.774,135.2562
76.2166,0.069964,95.1213,558.4205
460.8804,0.459493,59.8018,13398.6579
86.9382,0.005621,81.5881,40.0629
145.9364,0.094973,21.1824,280.1009
81.0386,0.01661,97.9702,128.4326
62.1676,0.056204,52.3708,183.6589
15.4683,0.310454,51.8988,249.6963
32.4207,0.121578,97.234,381.5243
91.4475,0.285037,41.1696,1071.4694
31.4241,0.295507,42.7649,392.8827
297.6162,0.424868,60.5515,7123.9948
341.9537,0.003366,17.165,19.2532
199.8471,0.426831,35.5031,3170.1632
162.4056,0.30994,23.3548,1097.8479
254.7405,0.082209,14.8119,307.2648
438.1274,0.386696,87.2837,14193.9239
426.3102,0.42789,60.9865,11186.8927
26.5202,0.127877,39.0739,129.9625
94.8417,0.459478,43.8236,2056.143
122.1887,0.227774,45.9943,1312.9256
128.4469,0.302109,65.1492,2367.6107
287.7602,0.49234,93.0431,13631.8739
211.0499,0.181407,93.6141,3447.9245
29.3808,0.406767,42.1917,489.8992
189.939,0.159881,36.2799,1119.1606
264.2577,0.399808,47.8494,4932.6142
55.3276,0.300766,58.9538,1025.8182
417.562,0.108961,48.8727,2139.1541
30.7211,0.207599,67.5816,417.8789
462.7967,0.1595,57.6679,4119.3884
54.061,0.039976,35.468,74.514
422.5696,0.015888,37.8444,268.4267
451.8133,0.173893,40.9663,3321.4045
489.8875,0.010498,13.9908,78.375
402.0028,0.083578,20.776,781.8533
390.8414,0.362866,73.6958,9926.7814
323.0292,0.354338,41.9642,4820.2206
390.6032,0.369552,25.3812,3454.4763
71.6033,0.159259,58.4539,641.1598
270.3537,0.44512,76.7763,8952.6988
259.5403,0.297321,29.4551,2155.9372
429.4982,0.063887,83.545,2174.974
234.0857,0.072716,93.113,1573.5464
195.6193,0.346855,61.7525,3942.6923
321.5838,0.087299,68.55,2007.2329
136.8993,0.254139,9.9947,332.135
74.1854,0.495895,94.8244,4014.5552
241.5493,0.003,42.286,29.9566
211.3602,0.009273,92.7705,182.4872
120.1221,0.496549,60.0029,3354.5116
186.9183,0.292735,5.4388,324.0974
186.3643,0.064328,8.6615,109.816
167.1103,0.448754,69.6398,5300.4927
192.8347,0.44031,58.4535,4639.897
344.443,0.268564,7.5206,703.0579
151.9539,0.311274,75.6287,3382.1271
474.6847,0.13732,85.9538,6027.8169
458.5923,0.026209,52.1597,652.813
243.0507,0.297689,49.247,3580.237
167.5388,0.148083,5.5199,121.241
270.0402,0.332147,79.7317,6808.2454
425.0374,0.418286,36.418,6701.1883
328.0307,0.010062,88.4825,310.3121
403.174,0.298261,40.4408,5140.3628
268.6975,0.116409,58.6824,1695.0712
318.2942,0.43707,30.6825,4333.298
147.637,0.127579,20.2559,401.3988
368.7721,0.305774,78.6163,8159.4536
105.1903,0.277217,52.1761,1520.8808
348.9251,0.198687,55.9664,3933.4645
431.0559,0.339133,96.7145,13927.2066
70.3909,0.363159,96.5401,2249.5826
309.118,0.283902,86.286,7450.0733
52.0724,0.379453,22.8229,443.6376
364.2292,0.491725,61.4559,10925.6044
46.8241,0.210217,88.424,846.1981
468.2902,0.257777,40.5741,4790.5776
73.0169,0.007222,14.6051,7.6869
479.6457,0.398218,82.0415,16020.7549
401.4377,0.260595,50.7675,5230.6953
298.8726,0.204573,58.6173,3511.2707
392.3989,0.047942,98.3037,1857.8835
398.5818,0.444939,62.6851,10098.7965
473.2834,0.198109,45.373,4356.9363
130.4248,0.341608,40.1485,1788.7334
297.0876,0.075538,44.6738,1004.5311
52.0494,0.480813,16.2479,426.63
310.002,0.090042,80.5013,2038.0265
89.7892,0.100571,84.5831,692.024
284.6506,0.429632,32.0177,3969.5857
288.3531,0.456379,33.8607,4454.4204
235.6627,0.106862,88.0618,2236.634
263.7027,0.235431,7.2772,441.4749
383.1421,0.367014,54.4435,7914.3342
400.6261,0.439305,49.0492,9044.588
248.6158,0.190147,70.562,3417.4301
301.7988,0.258993,20.5222,1583.3078
465.9619,0.371116,68.4914,10659.307
64.2681,0.365837,40.7897,996.6385
62.9663,0.391697,63.7779,1672.0838
48.416,0.285397,8.809,125.7078
330.6423,0.053203,48.8641,822.5884
212.2111,0.452083,54.6138,5419.0095
388.2891,0.432921,25.361,4450.5761
337.2595,0.399251,18.2642,2658.6483
170.1507,0.050831,22.9051,189.6149
449.6914,0.102994,37.6934,1726.1387
382.4534,0.372057,14.197,2097.055
138.9148,0.012547,94.9954,166.0483
185.275,0.489633,43.4744,3729.5737
160.6478,0.189195,81.8521,2539.9083
83.0178,0.359937,97.5696,3001.0802
78.1528,0.443898,12.6699,441.4781
468.3831,0.19792,66.9086,6271.0714
221.7625,0.160247,87.7839,3079.465
194.7433,0.304762,65.2523,4169.8379
366.1944,0.290914,45.7575,4659.9336
278.7316,0.205161,45.9523,2551.7255
468.3893,0.301286,8.4104,1187.5181
391.2492,0.467755,55.7871,10668.2217
242.2879,0.234352,99.3866,5236.1741
191.2979,0.099174,96.0772,1707.1722
493.3826,0.189226,8.8379,745.188
360.2913,0.197659,72.0507,5139.4838
475.8414,0.066423,33.6677,1006.263
63.6469,0.082273,90.784,466.3293
426.0142,0.342596,9.2859,1400.8532
320.3516,0.170399,93.908,4964.4001
65.3512,0.477494,84.5602,2669.3785
296.1877,0.122555,16.1629,577.9855
344.6177,0.050363,10.6833,191.7576
11.0898,0.376999,84.2972,360.9071
229.8874,0.440637,19.797,1937.1795
413.5728,0.139779,55.8153,3199.5119
151.2027,0.101842,91.9958,1492.5152
231.9813,0.093697,58.9076,1305.8499
223.9455,0.261484,42.7372,2333.7736
154.4541,0.23474,47.2765,1771.2031
459.6287,0.13046,10.9961,624.5598
391.7405,0.023541,97.0315,960.3189
59.7413,0.241264,34.5121,523.573
498.5322,0.479707,22.9895,5578.1989
440.204,0.326607,32.1745,4662.3576
145.5347,0.248258,96.6155,3454.4337
419.2638,0.056235,13.9572,340.4303
57.6777,0.126966,87.3938,628.2368
499.5568,0.148092,72.2452,5408.0569
334.5139,0.382637,83.8518,11211.0806
326.8119,0.438479,97.7103,13614.0409
49.7682,0.450919,85.0047,1849.7492
449.0315,0.4923,94.6213,19704.2606
19.3548,0.491201,17.0588,153.7736
124.2099,0.476547,80.5999,4354.0458
75.7958,0.036839,56.8392,164.6084
389.5001,0.069759,56.6321,1684.4197
103.1111,0.152929,90.3975,1530.7418
455.7659,0.276896,97.3214,11322.885
329.8532,0.049392,71.9596,1215.6428
22.9005,0.423053,50.8791,529.2498
7.6878,0.308761,48.3584,112.1955
30.5707,0.27164,41.7024,348.0669
304.933,0.08349,39.3519,906.1615
401.7335,0.127374,42.1931,2188.0363
123.0836,0.080996,13.5266,127.8659
425.4574,0.426115,12.3564,2262.6141
33.3298,0.29253,79.0876,713.1983
401.4771,0.36783,47.3769,7188.8981
464.2587,0.14872,93.415,6788.8213
387.1937,0.186255,63.161,4380.0469
350.5698,0.203023,8.3417,560.9014
419.8002,0.380247,19.9647,2861.2428
24.8749,0.386404,24.5529,232.8736
104.8821,0.1042,97.6949,1037.0792
66.8372,0.470828,25.7769,750.6393
254.7428,0.061207,53.9968,861.2085
373.8681,0.448165,93.9368,15389.3797
316.8559,0.051097,97.8333,1501.026
426.3099,0.133005,27.4542,1514.1247
81.8304,0.423393,9.6662,353.3264
368.6374,0.090567,19.5922,674.1282
100.5555,0.20737,11.0162,228.224
139.0256,0.22548,23.5368,761.0155
356.4028,0.123384,59.0141,2448.7692
490.2014,0.355412,91.6826,15999.1547
307.7141,0.425816,56.0358,7396.6307
31.9777,0.437413,64.469,880.8195
310.0729,0.170322,24.1774,1304.9661
25.9635,0.265894,81.0554,538.1558
442.6521,0.124955,63.6899,3613.7407
356.2413,0.123153,87.093,3927.8737
90.6983,0.081466,95.1401,607.5647
50.4019,0.470069,38.0506,956.7915
95.8489,0.444106,13.605,497.2729
490.1135,0.388902,26.4633,4891.0563
231.9875,0.259313,46.5949,2950.4826
393.1201,0.245813,94.8409,9020.6231
320.0221,0.265343,40.9394,3230.664
288.3445,0.268747,78.2235,5739.0871
76.8395,0.217847,56.3453,992.8703
473.2821,0.066746,22.3668,641.8339
154.1646,0.063706,35.4697,368.5875
291.1185,0.476173,67.0532,9269.5236
351.3891,0.241533,68.9211,5510.9297
326.3704,0.47665,46.3022,6995.9902
470.5942,0.082625,26.7213,987.4764
78.4773,0.277654,73.5811,1674.2648
256.6346,0.104651,21.0429,586.2314
204.997,0.127339,93.9836,2251.2849
239.7135,0.015997,22.8508,85.8768
64.0127,0.060358,15.1947,56.2272
71.3768,0.458507,52.2765,1825.15
142.6474,0.161445,54.3572,1170.1148
155.8288,0.304456,53.2783,2738.7908
216.8121,0.233042,46.4834,2344.7298
307.4388,0.200825,99.5074,5796.9724
319.1414,0.266411,51.1967,4207.948
208.8464,0.094432,50.4049,955.0218
207.3476,0.494313,45.0678,4334.0066
112.7261,0.409336,11.3484,526.138
296.2116,0.371066,61.3309,6339.6928
161.9353,0.234911,26.6569,909.3033
22.8496,0.077286,65.5729,113.6207
212.108,0.460412,9.8292,877.1476
239.6957,0.171352,98.2318,3885.6955
116.6685,0.026003,49.5555,143.6586
288.3667,0.171859,90.1918,4279.2445
285.0571,0.397434,50.1783,6282.9461
352.4911,0.311732,10.7314,1182.5282
325.7345,0.375668,83.1103,10295.5945
327.9544,0.397024,66.5775,7932.0131
161.526,0.106765,79.2669,1323.0131
394.7789,0.461968,45.6761,8420.3543
276.8265,0.219557,65.604,3788.2395
218.552,0.319868,86.3418,6316.3261
314.8762,0.002152,64.9512,41.4447
183.5254,0.496691,38.029,3417.2662
258.8059,0.141167,67.9403,2410.5153
