pressure_difference_pa,orifice_diameter_m,fluid_density_kg_m3,discharge_coefficient,flow_rate_m3_s
77621.65,0.038152,862.41,0.6336,0.00923274
44448.97,0.044888,941.65,0.648,0.01042717
86001.19,0.046448,875.81,0.6185,0.0138304
70039.43,0.027663,880.47,0.6213,0.00464285
10323.56,0.028412,976.46,0.6406,0.00181373
97586.61,0.040994,928.59,0.6253,0.01206373
76352.83,0.01915,1034.37,0.6368,0.00215846
78820.37,0.042682,913.83,0.623,0.01154996
13683.25,0.027236,995.24,0.6108,0.00184412
45588.21,0.010214,942.22,0.6373,0.00049508
37709.0,0.008243,981.99,0.6066,0.00029061
92749.73,0.04289,969.94,0.6099,0.01233249
64742.65,0.007501,944.56,0.6313,0.00032517
82453.4,0.017628,1040.01,0.6374,0.00191696
44898.01,0.020036,918.54,0.6447,0.00209152
23496.63,0.012785,885.45,0.6136,0.00056715
55903.89,0.019125,985.62,0.6055,0.00182458
7317.91,0.038421,1019.2,0.6478,0.00286105
82935.49,0.005661,858.05,0.6077,0.00023148
63534.78,0.042223,939.93,0.6099,0.00928537
76050.69,0.043545,1028.5,0.6146,0.01156673
36098.07,0.021752,999.92,0.6265,0.00179946
97099.1,0.011913,1048.36,0.6441,0.0009878
89418.99,0.032038,956.28,0.638,0.00761017
78059.97,0.010385,982.0,0.6354,0.00069544
20269.23,0.021421,910.5,0.6088,0.00147649
47205.38,0.048129,1039.51,0.6179,0.01041701
5336.57,0.049796,923.27,0.6239,0.00413774
16274.66,0.039745,997.7,0.6074,0.00425011
68621.85,0.018993,930.63,0.6137,0.00203009
74731.45,0.035945,962.36,0.6154,0.00767073
96783.46,0.036743,993.96,0.6064,0.00906189
33256.71,0.022453,951.79,0.6275,0.00199885
37675.51,0.03384,1031.42,0.6353,0.00469046
47486.03,0.005483,933.86,0.6035,0.00013424
19757.66,0.014408,979.41,0.6241,0.00065899
13862.23,0.028629,918.47,0.6391,0.00232283
48094.79,0.012369,931.63,0.6374,0.00078728
23464.03,0.012466,938.01,0.6408,0.00058049
67311.59,0.042634,875.16,0.6224,0.01106873
44278.04,0.049511,868.34,0.641,0.01271
83435.14,0.030019,983.5,0.612,0.00572862
70326.25,0.042758,981.1,0.618,0.01057725
31924.3,0.049564,982.58,0.6088,0.0092211
83393.72,0.011372,853.95,0.6234,0.00098842
80671.67,0.025171,915.31,0.6196,0.00400206
39360.36,0.022666,889.56,0.612,0.00224705
29544.48,0.008602,1005.63,0.6376,0.00029028
68567.05,0.03899,1022.13,0.6157,0.00862276
14835.5,0.02452,899.34,0.6136,0.00155148
20790.91,0.02612,983.57,0.6065,0.0022352
1728.86,0.01178,875.87,0.6219,0.00013405
78905.51,0.013142,905.03,0.6151,0.00104228
66820.23,0.04582,877.73,0.6185,0.01335397
70811.37,0.007009,906.7,0.6118,0.00030441
78292.17,0.015478,984.95,0.6382,0.00142127
46432.66,0.018143,1032.07,0.6465,0.00173271
57305.38,0.027059,890.5,0.6249,0.00421326
14839.9,0.03139,958.42,0.6321,0.00272098
12338.48,0.027198,990.28,0.6434,0.0020203
67171.89,0.008785,1040.58,0.6499,0.00045123
47638.52,0.015965,972.01,0.6307,0.0012482
56958.37,0.042961,901.02,0.6445,0.0101637
76734.89,0.033691,975.1,0.6454,0.00743194
63837.11,0.034212,914.1,0.6396,0.00711596
55804.36,0.035159,1045.23,0.623,0.00625532
56361.51,0.039331,929.94,0.6041,0.00776705
31091.06,0.007615,987.09,0.6008,0.00021858
4050.97,0.021497,854.65,0.6239,0.00069476
44235.02,0.029279,930.01,0.6247,0.00383773
22243.88,0.020231,1025.02,0.6204,0.00122053
41444.34,0.043002,972.05,0.6284,0.00866915
85486.9,0.026716,938.79,0.6276,0.00416865
24160.01,0.039588,1037.19,0.6418,0.00544801
6771.97,0.043341,1020.8,0.6054,0.00317665
28857.01,0.027716,914.44,0.6113,0.00312777
30065.78,0.04593,958.91,0.6397,0.00818784
66529.73,0.031421,947.96,0.6424,0.0060991
56146.18,0.043262,976.44,0.6497,0.01004116
78605.92,0.020327,916.82,0.6436,0.00275065
66767.04,0.027447,898.84,0.6445,0.00482221
41232.3,0.028913,1032.53,0.6157,0.00353029
81588.02,0.009724,1034.77,0.6201,0.00060783
17530.32,0.022935,1018.66,0.6134,0.00141464
3248.5,0.04628,1045.64,0.6303,0.00268225
9914.74,0.033387,999.0,0.6469,0.00264258
72513.58,0.012988,1002.93,0.6172,0.00101632
46725.85,0.020249,1002.52,0.6279,0.0021483
16965.91,0.013622,946.12,0.6148,0.00051651
50603.43,0.006117,941.29,0.6085,0.00017307
16078.9,0.046736,898.05,0.6098,0.00595592
69935.72,0.025169,978.96,0.6029,0.00370595
45169.47,0.018839,907.86,0.6475,0.00184571
38721.1,0.031931,901.56,0.6201,0.00462628
30849.7,0.005329,967.19,0.6417,0.00010808
63397.98,0.017511,932.0,0.6341,0.00185073
36819.45,0.036637,893.77,0.6096,0.00548664
9677.34,0.03352,1013.21,0.6088,0.00248802
12682.58,0.049181,1022.11,0.6406,0.00699348
96227.87,0.032916,883.54,0.6132,0.00784411
90949.49,0.026488,851.5,0.6457,0.00535392
70271.01,0.039264,917.23,0.607,0.00887652
27321.13,0.04565,1009.5,0.6339,0.00697236
96948.46,0.037431,1017.83,0.6407,0.00944256
78096.34,0.048345,877.67,0.6118,0.01418408
71972.13,0.04019,1004.87,0.6138,0.00866935
45486.79,0.044006,873.14,0.6482,0.01096876
27951.91,0.010135,928.01,0.6132,0.00038923
10542.71,0.037959,1049.72,0.6215,0.00321254
90357.64,0.024804,888.52,0.6216,0.00421809
46121.85,0.02989,880.79,0.6127,0.00436138
21033.97,0.034435,934.56,0.6388,0.00418847
31289.71,0.048642,973.93,0.6386,0.00949685
58342.74,0.049306,1036.58,0.6189,0.01287515
18500.51,0.01797,1046.16,0.6418,0.00095856
85804.81,0.038019,863.93,0.6107,0.00960476
76093.43,0.038749,877.6,0.6002,0.00868787
72226.83,0.020592,1008.15,0.6286,0.00226984
43777.21,0.010574,904.13,0.6497,0.00055417
63103.58,0.006843,1026.97,0.6019,0.00024608
58825.7,0.03998,982.69,0.6104,0.00786252
65334.81,0.027036,872.37,0.6259,0.00439052
9359.99,0.049349,1016.51,0.6405,0.0052715
42164.93,0.025924,885.27,0.6045,0.00279566
5119.8,0.049006,934.7,0.6198,0.00369617
49905.09,0.023521,960.44,0.6374,0.00288122
33656.26,0.040716,950.15,0.6186,0.00691136
15307.89,0.008817,987.23,0.6094,0.0001956
11236.89,0.029996,980.54,0.6098,0.00207934
59176.81,0.041093,1048.41,0.6205,0.00920215
17888.7,0.046612,1049.88,0.624,0.00646174
92586.89,0.042016,953.29,0.6431,0.01236813
58525.05,0.006664,869.04,0.6321,0.00024993
35340.11,0.021772,995.57,0.6345,0.00192869
59500.63,0.007191,1045.33,0.6491,0.00028799
3257.58,0.009918,913.67,0.6206,0.00012928
95897.36,0.035389,942.24,0.6202,0.00898119
48748.04,0.037097,934.96,0.6462,0.00717902
78490.79,0.039817,860.28,0.6123,0.01072949
9190.27,0.043946,984.45,0.6365,0.00419129
49179.17,0.038274,920.67,0.6377,0.00788745
49579.99,0.041039,1007.49,0.6049,0.00829127
93844.82,0.007203,1016.42,0.6234,0.00033163
57601.08,0.015554,1014.25,0.61,0.00112856
47875.45,0.032985,933.33,0.6093,0.00569655
27430.59,0.043616,914.31,0.6232,0.00730559
33825.33,0.005203,999.76,0.6145,9.862e-05
52546.57,0.028158,1010.28,0.6398,0.00392117
44452.23,0.035478,948.25,0.6454,0.00642071
3139.6,0.006332,1028.61,0.6401,4.912e-05
82802.9,0.023061,878.78,0.6133,0.00342766
89719.92,0.045304,1025.81,0.6137,0.01403332
14884.66,0.035223,869.22,0.6127,0.00331577
55849.58,0.015695,880.71,0.6068,0.00127023
11749.0,0.043375,956.77,0.6472,0.00478967
67551.77,0.020661,863.5,0.6201,0.00265188
28842.14,0.043401,860.56,0.6112,0.00758933
66282.84,0.018452,850.1,0.6423,0.00224505
72972.47,0.031564,937.26,0.62,0.00611399
77096.1,0.022862,1004.92,0.6018,0.00313575
11666.35,0.017367,856.97,0.6081,0.00074198
91685.17,0.044895,980.45,0.632,0.01372435
23791.19,0.013442,1014.63,0.6391,0.00062446
4703.84,0.008817,883.6,0.6105,0.00012294
55930.39,0.020387,879.37,0.6459,0.00247148
37721.31,0.037294,1022.16,0.6425,0.00619973
83149.18,0.041334,1014.62,0.6424,0.01106072
81016.9,0.049943,957.79,0.6114,0.01496093
32396.75,0.018336,1013.84,0.6025,0.00127626
95337.04,0.023357,868.55,0.6434,0.00407887
29800.87,0.011157,928.9,0.6153,0.00048652
51990.66,0.030869,997.56,0.6309,0.00538339
26340.54,0.049891,901.49,0.638,0.00928814
93668.31,0.03654,1000.47,0.6064,0.00888727
17296.17,0.031785,950.84,0.639,0.0032262
5446.15,0.022657,1000.05,0.6469,0.00086499
44074.61,0.046188,942.94,0.6364,0.01158866
99245.18,0.027361,923.58,0.6221,0.0052616
89276.05,0.011047,893.84,0.6438,0.00088635
75112.19,0.021442,891.68,0.6264,0.00282082
89188.46,0.008023,1000.3,0.6372,0.00042265
89451.22,0.014089,873.78,0.641,0.00144791
52366.98,0.005795,867.2,0.6375,0.00019277
32276.98,0.025398,885.26,0.6144,0.0027007
77429.23,0.033554,885.07,0.6059,0.00754748
66504.47,0.020448,1014.62,0.6119,0.0022899
37992.12,0.023917,929.7,0.6251,0.00249728
10352.2,0.048164,1048.08,0.6253,0.00579638
74932.17,0.038838,877.44,0.6291,0.00993468
26983.59,0.029339,980.71,0.6198,0.00299819
93744.5,0.017804,939.75,0.6393,0.00217162
24856.09,0.045365,928.58,0.6457,0.0072842
13153.04,0.015579,1025.02,0.6123,0.0006197
83280.15,0.01964,1045.12,0.6368,0.00239168
16175.15,0.045908,1024.57,0.6339,0.0059336
18747.56,0.028829,888.46,0.6262,0.00264686
60338.9,0.038404,894.16,0.6094,0.00850671
87581.64,0.031584,981.21,0.6398,0.00641921
20447.03,0.034405,907.82,0.648,0.00383176
31722.04,0.018472,996.95,0.6361,0.00137524
77963.08,0.015862,963.28,0.6459,0.00167334
97210.82,0.019512,960.18,0.6492,0.00280868
50573.38,0.011995,1015.71,0.6176,0.00066881
15245.85,0.044344,992.11,0.6319,0.00559682
2379.69,0.017746,855.32,0.6237,0.00035061
23735.95,0.030267,859.89,0.6493,0.00338195
14050.4,0.040639,970.31,0.6047,0.00402635
68088.21,0.040272,947.24,0.6206,0.01011576
13061.42,0.024727,902.04,0.6438,0.00171725
51126.66,0.026432,933.73,0.6142,0.00363507
69731.98,0.049762,1001.58,0.6394,0.0156176
58530.54,0.035357,1015.32,0.6191,0.00751288
20777.79,0.041659,962.24,0.649,0.00533706
80608.33,0.045615,927.07,0.6442,0.01337898
71825.31,0.040442,904.14,0.6151,0.00965657
74159.42,0.013333,954.38,0.6385,0.00106507
13974.72,0.030298,912.95,0.6168,0.00233156
13251.63,0.009585,962.82,0.6303,0.00023509
92828.69,0.034381,985.33,0.6329,0.00758993
40360.24,0.047991,863.22,0.6415,0.01141025
30793.92,0.028073,850.21,0.6012,0.00317546
49369.82,0.024484,892.46,0.611,0.00309949
66623.56,0.006613,1028.9,0.6356,0.00025482
95606.7,0.04819,979.26,0.6282,0.01650013
29358.18,0.009635,884.39,0.6248,0.00036432
92556.03,0.006849,1028.05,0.6028,0.00033129
3461.09,0.016073,943.99,0.6174,0.00034323
55964.61,0.007949,945.22,0.6433,0.00031648
63763.54,0.02548,1037.11,0.6015,0.00323512
11483.84,0.028224,861.9,0.6198,0.00183497
14893.62,0.019066,893.04,0.6473,0.00106814
42492.32,0.007293,967.15,0.6025,0.00023453
96656.96,0.010022,889.1,0.6375,0.00072436
60008.21,0.022303,985.91,0.6129,0.00292112
93369.3,0.007724,892.82,0.6433,0.00044806
80631.73,0.036419,869.83,0.6373,0.00937343
47270.78,0.014316,891.4,0.6443,0.00101945
78691.58,0.018593,934.55,0.6108,0.00204728
2765.84,0.022736,885.23,0.6266,0.00063705
11805.26,0.023747,876.94,0.639,0.00148124
83113.43,0.005075,1022.06,0.6123,0.00014394
79884.89,0.010043,914.08,0.6115,0.00063474
24031.43,0.043824,922.15,0.6014,0.00655338
53546.19,0.005055,861.05,0.6479,0.00014349
60995.57,0.027868,921.47,0.6355,0.00428216
86906.16,0.027028,902.96,0.6318,0.00489507
60707.61,0.019989,972.1,0.6372,0.00221513
41844.59,0.02441,891.08,0.6266,0.00285457
38044.22,0.040126,1027.67,0.6238,0.00699616
43162.33,0.042854,1035.93,0.6225,0.00865109
65541.17,0.016716,869.97,0.632,0.00167764
86881.57,0.019512,871.48,0.6101,0.00251783
45935.79,0.015912,873.07,0.6444,0.00134355
25536.12,0.026594,973.91,0.6406,0.00265661
24429.57,0.035747,874.39,0.6175,0.00453286
74855.41,0.015271,1020.48,0.6289,0.00145157
81840.31,0.019883,1000.85,0.6071,0.00253145
11422.53,0.046867,1013.96,0.6486,0.00566568
7589.33,0.007186,955.21,0.6451,0.00011399
59848.93,0.025735,1049.34,0.6461,0.00343712
15471.15,0.03702,858.84,0.6166,0.00398656
82641.75,0.01177,930.25,0.6085,0.00088301
31723.13,0.007132,914.79,0.6106,0.00020214
15243.32,0.011219,1039.73,0.6045,0.00031326
92176.08,0.046347,965.37,0.606,0.01311682
17387.64,0.005417,1011.24,0.6036,8.194e-05
29187.29,0.013474,884.07,0.6495,0.00072422
16207.73,0.006408,1045.73,0.6037,0.00010886
12433.52,0.009978,949.73,0.6066,0.00023329
3093.65,0.032907,948.73,0.6414,0.00131845
6484.15,0.015874,1044.18,0.629,0.00044386
18289.51,0.030615,926.15,0.6387,0.00297721
6284.81,0.031559,929.51,0.6315,0.00187003
59523.24,0.043225,966.95,0.6441,0.01169856
68390.74,0.005213,875.61,0.6319,0.00017095
39969.42,0.043402,914.22,0.6261,0.00887437
32481.12,0.03286,888.64,0.6356,0.00436729
50948.1,0.012323,870.66,0.6224,0.00075303
87625.49,0.039782,1023.23,0.6173,0.01086876
85262.03,0.043497,967.87,0.6234,0.0117408
5304.03,0.016442,921.73,0.6085,0.000416
18968.34,0.046346,931.73,0.6398,0.00687397
24437.74,0.025451,936.3,0.613,0.0022431
25689.37,0.032154,976.63,0.6077,0.00342109
57552.03,0.049309,1035.35,0.6123,0.01214232
42209.98,0.021269,1036.56,0.6421,0.00218935
5876.16,0.041592,928.3,0.6165,0.00286266
37987.8,0.019328,915.85,0.6343,0.00158095
52851.54,0.040965,940.21,0.6428,0.00941666
11065.52,0.032033,963.59,0.6039,0.00239049
83512.4,0.014736,942.36,0.6383,0.00140491
6144.22,0.023631,981.75,0.6154,0.00088226
92559.35,0.019294,960.88,0.6108,0.00238814
10812.2,0.008515,914.14,0.6344,0.00017523
84513.92,0.006343,919.15,0.6455,0.00029316
90362.66,0.020592,925.72,0.6148,0.00271599
97977.5,0.005857,868.93,0.6284,0.00025316
80400.56,0.012447,883.21,0.6145,0.00104353
78168.28,0.037633,994.62,0.6277,0.0077712
64605.84,0.036864,927.82,0.6311,0.00837063
78120.64,0.038236,892.91,0.6305,0.00902718
14320.67,0.019272,962.53,0.6312,0.00102115
54070.74,0.045051,1001.11,0.6068,0.01017704
51908.06,0.031722,901.48,0.6347,0.00568302
85899.64,0.010671,1015.36,0.6337,0.00075786
46817.14,0.011467,1035.5,0.6341,0.00055298
39123.86,0.036189,969.48,0.6037,0.00536413
64316.76,0.012782,983.79,0.6223,0.00091955
27379.87,0.027828,860.52,0.6205,0.00298116
14837.07,0.04963,1039.1,0.6043,0.0063986
48309.85,0.00518,928.5,0.6111,0.00013668
42272.05,0.005746,1034.78,0.622,0.00015031
24024.42,0.049689,965.8,0.6371,0.00862167
37383.67,0.031309,850.92,0.6119,0.00402612
37272.85,0.010711,857.71,0.6415,0.00052673
33422.06,0.045379,986.08,0.6273,0.00852857
38566.94,0.044617,962.53,0.638,0.00845598
68888.59,0.029129,855.31,0.6236,0.00544381
30390.77,0.032981,998.69,0.625,0.00435869
94936.93,0.017293,1020.43,0.631,0.00203455
91718.45,0.007273,949.28,0.6464,0.00032032
48610.13,0.031756,943.15,0.6246,0.0047115
33507.76,0.018264,851.09,0.6264,0.00160034
54008.04,0.034863,1007.33,0.6301,0.00606063
85007.49,0.042631,916.14,0.6369,0.01121432
65606.15,0.005817,1025.75,0.6036,0.000193
80634.79,0.031807,924.61,0.6258,0.00657128
53739.51,0.015408,963.02,0.6241,0.00129909
63658.85,0.044325,904.07,0.6461,0.01199593
29527.41,0.016415,882.12,0.6247,0.00110673
73754.42,0.032485,1004.98,0.6234,0.00637437
21038.05,0.029909,949.32,0.6481,0.00313913
69785.01,0.022827,957.3,0.6225,0.0034474
86211.19,0.035493,1043.08,0.609,0.00813289
14078.18,0.03766,1042.72,0.6108,0.0032671
61823.59,0.030512,1021.13,0.6048,0.00497589
10414.48,0.039129,887.52,0.6,0.00370076
72845.85,0.049254,968.85,0.6216,0.01542348
9364.83,0.023867,1025.63,0.6385,0.00119491
93658.04,0.028156,924.89,0.6367,0.0059799
14603.39,0.005561,870.22,0.6016,8.868e-05
95929.14,0.040821,1012.19,0.6285,0.01287918
80287.53,0.02841,946.35,0.6077,0.00483358
59774.52,0.023358,962.88,0.6471,0.00301218
78479.79,0.009233,1046.43,0.6084,0.00049131
79716.37,0.045035,971.44,0.6313,0.01257113
94656.68,0.022775,935.0,0.6163,0.00341727
26084.95,0.035716,924.0,0.6321,0.00414452
59417.51,0.011722,933.52,0.6206,0.00073939
10409.87,0.04827,873.68,0.638,0.00580537
62000.4,0.01303,1008.95,0.6115,0.00088198
17957.84,0.013979,1017.54,0.6453,0.00064821
56930.11,0.043654,906.88,0.625,0.01048894
57670.62,0.046066,910.76,0.6378,0.0127605
47132.53,0.014547,1024.87,0.6425,0.00103752
52740.55,0.026141,854.79,0.6499,0.00403842
76628.42,0.038007,954.09,0.6112,0.00891217
80125.23,0.044526,942.74,0.6143,0.01335567
49723.17,0.022057,988.03,0.6125,0.00235475
60359.75,0.028266,882.68,0.6131,0.00461251
93192.39,0.038377,983.67,0.6291,0.01020255
12853.63,0.037901,925.35,0.6497,0.00380808
12593.25,0.040233,973.74,0.6495,0.00428552
9683.19,0.030647,858.02,0.6263,0.00245454
66128.47,0.009708,942.35,0.632,0.00054668
42442.22,0.045679,954.45,0.643,0.01014788
77657.82,0.043951,892.87,0.6466,0.01377897
67451.91,0.040914,877.92,0.6102,0.01052817
34030.14,0.009494,887.69,0.6264,0.00038852
89938.29,0.014198,918.83,0.6416,0.00126167
76490.68,0.038462,869.36,0.6152,0.00972929
27782.96,0.006041,1039.46,0.622,0.00011666
37055.01,0.049065,931.0,0.6493,0.0117883
32129.56,0.021972,1011.79,0.6493,0.00197845
16603.55,0.037369,1044.88,0.6453,0.00419439
15630.55,0.044941,866.15,0.6399,0.00582927
93676.62,0.022758,980.33,0.6135,0.00319217
44352.5,0.019361,1024.28,0.616,0.00170994
38948.66,0.032393,976.85,0.6274,0.00460935
73238.89,0.031145,935.81,0.628,0.00584062
55746.31,0.023411,936.22,0.6253,0.00294975
93677.86,0.03208,857.18,0.6318,0.0086706
78249.85,0.047092,956.92,0.6204,0.01440823
48457.59,0.026044,1048.71,0.6375,0.0034404
38259.59,0.013853,1041.74,0.6167,0.00083098
98676.52,0.021974,858.08,0.6165,0.00381821
72058.26,0.022735,991.16,0.6064,0.0029401
95168.27,0.0109,910.35,0.6094,0.00074199
12729.38,0.012329,1030.6,0.6425,0.00037769
85202.83,0.035805,859.02,0.6223,0.00919095
64070.31,0.020276,1037.17,0.6114,0.00209052
13070.25,0.04797,1017.5,0.638,0.0057929
59237.54,0.015962,873.5,0.6277,0.00141308
68923.54,0.009452,861.96,0.6011,0.00057489
2217.97,0.038908,1016.94,0.6158,0.00158757
45977.48,0.044647,881.15,0.6089,0.01005976
82714.55,0.017515,956.98,0.6328,0.0020679
30240.54,0.014094,1033.15,0.6138,0.00073125
46396.26,0.013359,963.49,0.6032,0.00083808
44789.1,0.028491,929.45,0.6027,0.00355533
30890.81,0.026079,939.0,0.6291,0.00244338
91925.75,0.016675,862.62,0.6011,0.00193077
78348.11,0.007033,1043.75,0.6424,0.00031077
11948.25,0.026667,912.13,0.6078,0.00184577
99706.43,0.04817,887.87,0.6303,0.01862222
88040.8,0.034363,907.21,0.6222,0.00869622
29106.94,0.027298,1042.87,0.6221,0.00258798
83852.76,0.009981,868.86,0.6036,0.00064468
11535.53,0.01636,1023.46,0.6401,0.00065439
99911.37,0.018265,991.57,0.6447,0.00272137
66902.79,0.039416,1016.0,0.6006,0.00905561
65362.38,0.044452,1045.18,0.6089,0.01117714
9953.63,0.045574,1018.43,0.6452,0.00456386
89806.31,0.049306,1038.68,0.6275,0.01507399
3870.95,0.049207,875.39,0.6075,0.00357386
24841.98,0.047885,1009.16,0.6101,0.00729702
15159.17,0.008232,959.14,0.633,0.00018717
77900.03,0.011201,958.7,0.6362,0.00079461
20622.22,0.018701,1029.78,0.63,0.00118588
91153.18,0.02988,1044.36,0.6477,0.00589498
65970.63,0.009364,990.97,0.6247,0.00043942
4580.11,0.043061,946.59,0.615,0.00285737
1537.55,0.032754,941.28,0.6239,0.00091749
6114.13,0.029406,927.27,0.618,0.00152741
60986.59,0.012439,922.32,0.6112,0.00085049
80346.7,0.016396,928.3,0.6023,0.0016505
24616.73,0.012214,867.95,0.6176,0.00056698
85091.48,0.043337,865.49,0.6356,0.01217624
6665.96,0.03129,1005.97,0.6009,0.00163928
80295.42,0.038081,939.21,0.622,0.00958508
92851.75,0.018321,1036.14,0.6322,0.00216388
77438.73,0.021706,972.44,0.6305,0.002717
70113.96,0.023218,857.04,0.6388,0.0035775
83960.04,0.039201,881.5,0.6405,0.01128601
4974.98,0.039756,891.16,0.6356,0.0026304
20976.43,0.014307,1045.15,0.6051,0.00055877
13367.44,0.047369,893.74,0.6238,0.00622813
50948.57,0.010429,953.15,0.6302,0.00051231
74773.62,0.045325,1037.24,0.6123,0.01204703
63371.17,0.009518,1045.44,0.6021,0.00045122
85261.98,0.016904,897.27,0.6112,0.00178442
16366.09,0.043092,859.82,0.6227,0.00548114
73727.49,0.013077,880.72,0.6207,0.00106887
20111.11,0.023611,862.67,0.6088,0.00176248
27805.12,0.025244,889.02,0.6412,0.002614
71280.57,0.016037,963.71,0.6463,0.00155268
98040.27,0.036961,1032.49,0.6101,0.0094736
61542.82,0.04331,957.44,0.6465,0.01095152
6395.53,0.044356,975.2,0.6009,0.0032475
62014.59,0.020269,890.37,0.6462,0.00235693
5192.7,0.028888,1010.12,0.6476,0.0012534
88530.43,0.016178,973.56,0.6006,0.00168941
71248.25,0.016016,1022.83,0.6382,0.00149078
18139.66,0.012256,1039.77,0.6485,0.00040141
10080.38,0.047301,919.58,0.6453,0.00516906
19169.79,0.044959,868.12,0.6485,0.00654087
98022.69,0.039981,895.19,0.6275,0.01261428
46397.5,0.028295,937.57,0.6039,0.00346943
78624.01,0.027077,1039.14,0.6425,0.00423473
64004.43,0.028839,925.66,0.6307,0.00512095
57668.9,0.029146,1004.15,0.6307,0.00482648
15367.9,0.024555,958.1,0.6209,0.00160442
94656.42,0.010929,886.56,0.6286,0.00083489
30832.92,0.010655,914.15,0.6077,0.00045894
58223.7,0.047851,980.64,0.637,0.01111184
70277.82,0.026691,984.57,0.6038,0.00367769
65274.08,0.047894,936.95,0.6365,0.01334683
94118.85,0.012361,895.73,0.6424,0.00120768
15695.46,0.029949,994.38,0.6236,0.00241509
51326.92,0.014347,883.77,0.6255,0.00109537
40999.4,0.016393,1037.33,0.6156,0.00122263
47942.7,0.006352,887.58,0.6485,0.00023735
12802.54,0.010353,871.46,0.6367,0.00028225
14275.37,0.046258,949.53,0.6184,0.00569456
28529.48,0.019469,953.91,0.6087,0.00153526
31165.76,0.032366,951.64,0.611,0.0037701
43362.42,0.025926,937.33,0.6232,0.00333128
61487.77,0.02302,1048.96,0.6471,0.00277153
63828.28,0.028935,947.26,0.6367,0.00488524
41769.28,0.013426,945.59,0.6108,0.0008029
41469.53,0.049487,934.35,0.643,0.01110689
22545.22,0.041824,863.37,0.6189,0.00585009
59242.32,0.038373,968.59,0.6426,0.00833351
32387.05,0.026094,895.59,0.6121,0.00292585
4569.92,0.011879,977.52,0.6309,0.00021245
42421.6,0.04643,860.17,0.6463,0.01090644
47939.13,0.020362,1046.28,0.6129,0.00196596
23333.69,0.007255,943.8,0.6346,0.00017573
57673.34,0.020408,1029.35,0.6494,0.0023333
57011.42,0.040751,945.11,0.6075,0.00906715
70498.22,0.033022,862.07,0.6044,0.00754056
65146.9,0.038788,1014.44,0.6337,0.00832818
65590.87,0.040714,979.64,0.617,0.00908451
32305.2,0.014538,1006.35,0.6036,0.00083424
78955.79,0.04657,935.63,0.6238,0.01438033
55365.29,0.02471,977.59,0.6377,0.00316858
43710.4,0.033756,1021.25,0.6143,0.00498447
62975.24,0.005104,976.21,0.6168,0.00014726
36705.08,0.049702,919.53,0.6423,0.01068271
51761.19,0.01764,982.51,0.626,0.00153856
