carbon_wt_pct,manganese_wt_pct,silicon_wt_pct,grain_size_um,tempering_temperature_c,test_temperature_c,yield_strength_mpa
0.0974,1.25772,0.07793,35.2334,579.23,-15.93,680.161
0.06389,1.45232,0.25622,48.2264,400.88,61.96,496.985
0.10586,1.49737,0.10806,21.6911,628.84,94.06,625.653
0.08974,0.95472,0.11855,24.1287,492.86,79.5,582.186
0.02942,0.97636,0.33453,41.5455,252.15,13.26,398.673
0.11756,1.33983,0.22682,27.7593,598.29,-13.6,763.003
0.09611,0.70879,0.46483,38.1458,420.17,92.84,646.802
0.09861,1.3886,0.19362,25.6869,263.74,92.45,778.738
0.03281,0.94238,0.37678,14.6973,268.71,43.89,467.826
0.06504,0.45061,0.25749,38.5342,509.39,57.08,474.875
0.05708,0.39368,0.34698,10.902,221.32,35.51,573.384
0.11268,1.39459,0.31986,13.9363,328.97,30.37,843.984
0.08439,0.37224,0.26275,33.2071,262.9,-5.67,643.569
0.10228,0.66479,0.47753,38.6271,398.48,-8.39,768.645
0.06434,0.73437,0.20422,45.261,386.46,7.93,511.799
0.04272,0.52489,0.12976,17.2664,434.84,80.4,420.672
0.07546,0.70806,0.35514,9.9826,325.84,-2.5,709.504
0.02638,1.2655,0.4307,48.0221,214.42,7.2,364.148
0.10276,0.31909,0.06811,11.949,476.47,45.83,744.54
0.08317,1.37533,0.25233,13.895,368.17,5.82,683.848
0.09581,1.41351,0.45162,18.1098,493.1,-0.42,660.945
0.05545,0.78394,0.38733,28.8226,248.9,47.6,473.795
0.11707,0.4997,0.49631,44.7272,206.2,24.17,784.278
0.10931,1.08109,0.28914,39.2246,311.73,55.14,774.189
0.09784,0.45557,0.347,36.8671,405.45,89.46,665.332
0.03946,0.7744,0.18612,12.8831,377.33,-1.88,457.275
0.06667,1.54596,0.47639,21.0957,564.64,89.61,594.393
0.02438,1.5941,0.21485,26.5282,370.03,88.3,327.282
0.03543,1.30374,0.38233,11.6342,438.7,79.49,446.145
0.0883,0.70425,0.23141,17.3043,467.08,55.75,657.075
0.09448,1.19396,0.30282,18.875,209.82,54.42,726.131
0.11675,1.21703,0.3739,10.7274,431.81,56.71,863.334
0.05258,0.80419,0.27902,29.7608,355.17,62.86,438.285
0.05705,1.13316,0.45819,36.7263,389.58,-18.02,544.17
0.06696,0.31395,0.23869,8.1469,245.13,94.97,610.545
0.03895,0.57177,0.34118,26.6505,552.27,50.27,396.504
0.03299,0.98261,0.20406,40.1995,624.08,73.78,298.396
0.06757,0.51288,0.23367,38.6596,210.02,25.27,576.413
0.04269,0.51568,0.24802,41.6783,470.62,-18.51,382.634
0.08698,1.3872,0.10661,25.1708,543.73,41.17,618.409
0.06372,1.58587,0.09128,41.9251,328.16,40.86,514.306
0.10327,1.02276,0.35037,15.8339,554.4,32.44,740.849
0.09003,1.39079,0.34498,21.2365,484.56,20.77,688.69
0.05124,1.58742,0.34831,12.936,618.12,9.98,486.197
0.10323,0.48407,0.05889,26.0368,641.45,43.31,642.221
0.10048,0.88272,0.19695,22.6427,219.06,25.03,733.859
0.05875,0.81034,0.13901,15.8417,400.22,96.39,557.266
0.04883,0.40406,0.40017,38.8301,446.14,0.75,425.794
0.08825,1.28193,0.43728,19.1231,266.03,18.36,772.156
0.03398,0.86391,0.16101,17.2762,351.33,15.28,404.947
0.03999,0.91013,0.35053,10.8901,644.44,45.2,429.648
0.02074,0.49587,0.10821,24.747,207.3,39.91,310.885
0.09869,0.5352,0.17382,18.6334,403.63,57.25,686.017
0.08649,1.47923,0.11239,21.6173,579.19,94.0,616.322
0.09052,0.35804,0.17758,15.6199,345.76,14.23,728.841
0.09807,0.60271,0.35363,39.342,415.91,63.13,675.032
0.06589,0.67968,0.45965,46.8502,640.12,-17.0,510.817
0.07687,0.93726,0.14114,27.4069,413.69,11.49,599.517
0.03398,1.06238,0.29394,33.9349,258.91,35.65,429.152
0.03145,0.94128,0.36563,44.0228,223.27,-16.28,396.576
0.08684,0.40935,0.47882,49.9473,625.44,54.12,623.997
0.06711,0.61677,0.32453,32.6082,319.61,61.4,530.126
0.07652,1.39666,0.1648,45.0401,426.83,69.61,545.067
0.0965,1.12887,0.33147,45.8874,240.82,41.99,675.596
0.08347,1.14389,0.19422,40.6153,390.64,52.47,665.305
0.07536,1.17126,0.48926,25.7419,618.55,27.53,591.53
0.07592,1.29177,0.22985,8.6519,426.09,-15.05,674.127
0.0504,0.37554,0.35844,5.7112,637.01,-8.01,563.725
0.02308,0.77659,0.06045,26.474,316.48,58.6,324.135
0.06367,1.00139,0.23003,27.2442,427.05,99.47,549.402
0.04146,0.73999,0.4438,23.3313,586.79,-18.1,381.802
0.06085,1.39782,0.3246,30.5675,401.71,46.91,518.578
0.10534,0.92734,0.24977,29.8473,325.77,70.12,723.359
0.04339,1.29922,0.47117,42.6476,584.96,79.21,358.039
0.02583,1.40762,0.43429,9.8896,375.45,45.42,458.472
0.04814,0.95623,0.195,15.133,438.83,54.39,463.454
0.04936,1.48242,0.29505,40.6852,639.44,63.61,414.871
0.08619,1.06326,0.27042,43.1527,283.92,83.08,699.021
0.0757,1.40536,0.33449,49.7671,335.63,-5.33,593.129
0.09839,0.74277,0.20035,44.281,213.98,91.14,680.604
0.08643,0.94846,0.15989,45.0455,376.33,-16.88,627.052
0.06064,0.99083,0.4607,19.1457,290.08,80.34,585.767
0.1014,0.43647,0.46574,23.0748,506.02,-10.79,697.265
0.0367,0.81812,0.4295,17.0638,281.59,3.36,448.291
0.02227,1.49254,0.49019,32.2835,503.67,-19.53,352.868
0.029,1.12008,0.38525,47.2462,318.56,33.43,366.308
0.09224,0.53076,0.3941,20.5088,359.85,20.12,639.968
0.06619,0.74051,0.39317,30.0651,356.99,-0.08,527.91
0.03613,0.54908,0.26627,18.3335,522.54,34.13,398.835
0.0701,0.33227,0.2554,12.641,409.93,28.28,597.033
0.03523,1.5057,0.1581,13.7833,362.58,72.12,423.977
0.08963,0.88267,0.34017,7.6075,583.68,87.18,703.37
0.06462,0.6998,0.18019,47.7182,457.38,58.31,475.337
0.0581,1.07802,0.16601,23.1296,296.22,-5.07,549.141
0.05015,0.30951,0.31368,42.5354,605.04,15.45,364.656
0.08303,0.66143,0.23449,35.6598,354.19,89.6,577.536
0.05618,1.21394,0.14849,13.6365,217.54,-9.35,584.07
0.02876,1.1239,0.41723,12.8958,422.57,28.82,414.018
0.0318,1.57635,0.43726,41.5395,255.77,93.1,409.042
0.11619,1.10647,0.12546,16.912,307.31,94.08,779.256
0.11086,0.92076,0.05338,46.0978,536.2,29.34,704.289
0.08997,1.28986,0.20126,11.3025,258.84,60.09,779.328
0.04659,1.47433,0.40888,35.4969,563.12,34.81,433.597
0.11692,1.2369,0.42763,41.6513,621.61,70.42,749.023
0.09788,1.55217,0.11225,15.5865,472.94,-16.21,731.954
0.09169,1.31661,0.39845,17.4293,519.66,-2.7,677.416
0.06494,1.42684,0.10207,48.4033,521.11,53.7,479.895
0.04722,0.44834,0.22553,16.9069,646.76,7.91,431.338
0.02964,1.25214,0.49937,24.3481,353.69,59.93,394.982
0.11026,0.87212,0.13667,24.4632,273.29,22.15,753.59
0.06558,1.01903,0.11928,16.3866,433.63,86.4,530.002
0.04024,1.15033,0.24026,39.9106,439.96,78.31,382.727
0.0506,1.56076,0.32885,39.7332,280.06,39.14,484.799
0.07792,1.57995,0.46981,22.0243,475.9,72.75,637.393
0.03768,0.6747,0.49137,42.5807,206.36,12.54,438.576
0.10566,1.25388,0.08134,14.5884,617.45,39.31,752.461
0.09585,1.27498,0.1121,5.1938,319.06,3.7,894.026
0.09195,0.75044,0.40583,30.7025,217.8,83.31,722.943
0.06321,0.46103,0.17178,49.7335,248.71,78.77,477.472
0.08273,0.35323,0.44818,6.739,308.11,88.26,706.908
0.07841,1.31055,0.34855,14.3599,323.26,85.3,662.749
0.08498,0.93661,0.10033,28.3512,214.76,95.15,631.276
0.02844,1.5812,0.42464,41.4473,325.71,7.4,368.211
0.06158,0.90447,0.12936,9.0069,286.82,91.82,582.99
0.02416,1.57129,0.24057,22.7856,370.38,48.55,354.167
0.0694,0.83505,0.29848,38.6184,373.33,30.7,529.997
0.05299,1.33179,0.27534,21.7194,352.55,47.24,500.492
0.03445,0.41027,0.35877,13.4976,347.57,21.11,450.007
0.03034,1.0221,0.34371,13.7973,240.38,14.63,451.921
0.07876,1.34268,0.49642,23.4522,211.34,8.96,757.233
0.03706,1.50211,0.49974,26.5738,290.95,-10.11,467.031
0.11251,1.36936,0.28241,43.7816,540.49,39.59,726.841
0.07811,0.34806,0.09284,33.9014,645.86,86.53,495.496
0.05469,0.78451,0.37753,36.0681,617.84,55.62,429.39
0.07909,0.36331,0.4895,49.2344,426.9,42.52,580.365
0.02228,0.44207,0.19325,23.533,439.32,31.43,324.818
0.11586,1.1779,0.25754,23.1509,341.56,35.73,788.43
0.06823,1.22724,0.24115,46.5506,548.27,5.11,526.504
0.09827,1.30584,0.07314,16.0644,544.14,78.75,695.986
0.02827,1.42509,0.35252,37.8417,579.92,3.81,307.383
0.06867,1.26126,0.209,38.9558,602.98,65.99,509.172
0.06907,1.34113,0.40436,9.4005,395.46,71.2,679.952
0.11378,0.36365,0.42445,26.0704,545.09,48.98,717.778
0.07717,0.6049,0.41955,14.0253,562.88,83.55,595.624
0.06735,1.10847,0.2375,13.3419,338.81,14.93,569.407
0.0467,1.41556,0.1947,25.8723,618.16,85.79,381.012
0.05316,0.30585,0.38697,18.0243,242.45,67.53,535.337
0.07207,0.96902,0.41063,40.8227,647.42,75.85,495.821
0.06389,1.18047,0.27107,45.8422,546.54,59.75,457.303
0.02216,0.33849,0.45186,41.1224,241.97,81.56,321.262
0.10263,0.82176,0.11476,16.9714,495.3,99.17,687.284
0.10962,1.46433,0.44558,17.336,215.38,30.42,837.413
0.03402,1.1731,0.09324,16.4628,546.58,77.67,375.364
0.0754,0.60896,0.11909,11.0767,559.65,69.35,557.494
0.03086,1.40862,0.29023,47.4709,471.08,34.34,328.489
0.08722,0.75244,0.08038,23.0922,585.59,91.23,587.754
0.04812,1.40935,0.07376,15.111,244.05,27.33,537.897
0.08594,0.68863,0.05023,43.1002,324.17,47.86,634.075
0.0927,1.06742,0.24634,22.9638,386.38,-7.29,677.112
0.09686,0.81602,0.39858,6.5803,219.11,7.09,883.503
0.03077,0.65727,0.06568,12.2874,401.7,80.88,367.209
0.1116,1.45252,0.34352,33.7663,319.35,27.59,857.077
0.04302,0.54387,0.42041,40.2307,376.73,27.29,393.248
0.02374,0.41026,0.1256,14.492,391.3,9.52,363.485
0.07549,0.74451,0.11609,46.2828,595.74,38.99,489.925
0.05709,1.23293,0.43736,43.2949,321.65,76.7,545.747
0.10298,1.34966,0.42041,43.1771,602.18,87.42,693.386
0.10083,1.59837,0.29252,15.2448,391.69,-11.59,751.708
0.05171,0.68527,0.41864,7.2741,347.51,48.98,566.185
0.11529,0.83032,0.09174,44.0341,426.13,36.07,762.74
0.04909,0.47787,0.22752,18.761,387.98,53.71,476.038
0.07151,1.04733,0.38201,32.8512,315.82,33.67,585.478
0.0456,1.59685,0.16585,39.1985,426.21,27.84,429.096
0.1136,1.21115,0.38855,10.7732,268.31,36.63,911.237
0.03646,1.07378,0.27688,40.1377,358.37,49.84,385.152
0.02449,0.81008,0.38762,47.233,454.61,40.12,284.761
0.06351,1.48989,0.25911,37.7769,386.03,36.66,513.147
0.11924,0.94599,0.21556,24.855,570.76,78.14,770.369
0.10917,0.47468,0.14864,44.4505,315.52,69.48,752.68
0.09486,0.77499,0.14377,28.7356,636.4,20.97,661.788
0.10908,0.38732,0.38817,38.5147,553.12,76.07,712.802
0.10934,0.56257,0.10351,41.9228,635.42,82.44,660.356
0.07189,0.32297,0.08869,38.7209,577.16,-1.58,503.295
0.05159,0.88926,0.12933,17.9535,263.95,49.92,489.203
0.0972,1.1249,0.12891,10.303,436.91,14.24,747.552
0.08617,0.74628,0.4204,15.7252,276.49,68.7,674.902
0.05737,0.8465,0.22933,27.6294,568.2,8.65,438.018
0.02945,1.54697,0.49567,27.7375,462.87,60.57,381.173
0.09468,1.27755,0.11175,31.219,318.55,10.61,699.668
0.04625,1.00311,0.34409,22.7796,618.32,41.34,425.038
0.11368,0.6699,0.25193,40.4101,251.83,93.84,783.246
0.0441,1.4661,0.22681,46.0919,453.74,25.76,413.75
0.03228,0.60563,0.44379,16.1026,524.47,85.09,379.315
0.10311,0.72295,0.48902,38.1435,226.48,98.43,740.332
0.03533,1.48178,0.44279,35.5087,469.04,84.98,387.113
0.03793,0.9884,0.13654,28.5391,567.16,-0.1,350.081
0.07994,1.26501,0.14936,13.4839,230.39,78.36,689.079
0.10746,1.06797,0.34523,40.7855,430.51,-16.14,761.776
0.03964,1.14947,0.18009,48.2282,316.35,27.2,388.206
0.05103,0.6892,0.38063,37.4826,498.32,84.49,421.171
0.09774,0.61378,0.30489,46.3037,253.4,62.65,672.455
0.11718,0.71924,0.29791,49.2883,621.67,43.93,702.136
0.07007,0.50207,0.42285,20.8423,602.63,26.54,510.84
0.03439,1.43661,0.36974,33.7201,283.69,77.48,430.799
0.02139,0.66822,0.06196,26.327,345.47,65.15,309.636
0.04297,1.02994,0.07226,49.3983,464.44,36.21,378.204
0.03318,1.32957,0.3207,9.2214,523.13,87.1,468.086
0.08777,1.31897,0.26879,23.5569,399.2,7.59,668.617
0.03218,0.8699,0.16708,44.3993,270.33,0.45,416.837
0.07063,0.91913,0.2384,17.7823,246.87,57.14,604.732
0.08943,1.59311,0.39106,40.4507,649.89,96.64,612.446
0.07811,1.17698,0.42198,22.2252,404.91,9.67,625.345
0.03998,1.35903,0.30255,49.099,592.64,9.96,370.332
0.10041,1.47332,0.22342,44.7588,417.07,-3.26,729.6
0.09154,1.32387,0.17181,18.5594,615.06,83.27,637.795
0.0939,0.54073,0.28486,39.6587,239.49,7.17,737.165
0.03311,1.03082,0.19164,20.1585,251.31,40.38,420.881
0.03238,0.43246,0.30384,32.2863,618.33,98.9,295.588
0.11276,1.1488,0.35449,34.6316,626.37,-18.54,713.779
0.05976,1.54195,0.07974,42.3318,341.62,46.78,508.453
0.05009,0.96655,0.05048,6.1003,359.82,41.47,563.271
0.06886,0.86286,0.14552,14.9071,403.6,76.89,554.908
0.08629,0.3466,0.45253,37.0363,387.27,22.63,607.442
0.11556,1.54771,0.34083,30.3585,285.52,29.24,924.689
0.04864,0.4339,0.12738,27.3022,604.27,0.15,386.06
0.11248,0.3534,0.45062,7.4844,313.99,68.9,824.281
0.02249,0.61989,0.26148,20.6724,517.37,74.17,286.691
0.07552,0.38519,0.26424,43.9295,230.22,-3.6,586.403
0.0834,0.89165,0.47099,6.3902,217.44,27.21,809.097
0.03059,0.97091,0.07677,22.8396,494.18,87.15,334.806
0.03403,0.70634,0.14683,47.5317,352.56,-19.68,366.105
0.06191,0.36625,0.3136,7.2896,494.96,15.85,572.052
0.11662,0.44508,0.13797,38.7368,242.31,46.61,788.149
0.0796,0.79986,0.35579,16.5926,627.43,20.09,576.369
0.1133,0.37869,0.14634,43.9974,536.83,12.65,684.689
0.10044,1.20765,0.09462,38.5731,594.32,35.2,626.229
0.06674,0.56913,0.14314,44.8567,261.41,1.78,506.725
0.09848,0.69269,0.24023,14.7166,344.07,43.56,770.657
0.02178,0.81236,0.12926,28.9082,365.75,64.8,308.411
0.03091,0.84159,0.11061,40.0671,441.73,49.04,330.281
0.10294,0.30216,0.43713,16.0565,333.59,-8.83,772.312
0.09968,0.44569,0.19418,15.3836,227.28,81.33,768.942
0.04326,1.42159,0.21234,6.2232,366.0,1.0,526.527
0.07308,0.3016,0.07487,48.1332,314.55,71.78,539.607
0.0806,0.96062,0.21082,36.9508,373.66,23.27,604.872
0.10677,0.93635,0.16916,33.6002,288.63,73.93,757.253
0.08031,0.73302,0.32472,38.4798,317.85,4.75,623.731
0.06126,0.86073,0.14243,28.9226,482.13,2.4,470.298
0.05742,1.31476,0.44976,26.426,374.67,39.64,498.276
0.06259,1.39356,0.46835,25.229,355.42,-16.05,560.297
0.08519,0.63845,0.09492,33.8198,440.26,7.04,611.192
0.10675,0.71924,0.09833,14.0691,547.34,66.88,747.244
0.06539,0.61523,0.1019,44.9626,370.49,80.49,459.228
0.04478,0.92382,0.32881,41.5289,464.38,-10.31,397.662
0.04367,1.18824,0.10489,20.7304,634.79,85.85,369.214
0.0946,0.59673,0.43357,31.0374,434.89,75.7,653.488
0.10166,0.72996,0.38942,11.3462,609.41,84.36,688.213
0.03053,1.5095,0.41891,48.7556,557.15,63.81,310.575
0.02666,0.36314,0.28673,45.6302,226.42,60.9,320.055
0.07944,0.899,0.4985,46.4854,393.09,43.01,601.178
0.03462,1.22503,0.06988,19.9473,514.24,58.33,348.206
0.10247,0.49559,0.23057,12.6111,644.02,90.29,690.289
0.05103,0.36159,0.19577,14.5297,406.27,-7.94,506.718
0.03439,0.47967,0.47689,9.0501,241.75,17.89,470.805
0.1121,1.49447,0.30959,10.405,452.9,-11.31,847.635
0.03655,0.31204,0.41279,8.2087,256.95,93.38,507.438
0.04847,0.54482,0.12665,49.542,538.18,33.43,366.065
0.03536,0.34067,0.49039,8.3326,428.45,61.04,448.797
0.03155,0.44382,0.27439,10.9644,525.54,80.93,395.667
0.02211,1.10619,0.27215,42.2265,591.21,98.92,250.405
0.02554,0.61413,0.4869,31.1108,483.03,-0.59,342.919
0.03746,1.03998,0.22133,39.8488,475.6,75.94,360.206
0.02534,1.06725,0.22889,33.391,539.56,86.49,284.188
0.07911,1.40427,0.31314,44.6979,579.1,-14.13,585.308
0.08807,0.30616,0.10762,33.731,591.07,70.49,566.74
0.05936,1.40938,0.19449,28.4956,216.39,22.57,574.692
0.0518,1.10485,0.13694,37.0737,450.29,57.83,423.327
0.07045,0.51157,0.09648,25.1327,297.32,41.69,557.58
0.1075,1.30482,0.43977,20.5729,587.16,11.17,753.918
0.10511,1.41214,0.3152,26.0444,491.78,-3.77,766.809
0.02435,0.63054,0.2114,12.6371,389.1,-5.97,360.643
0.03815,1.49443,0.2339,40.8457,284.65,-7.6,444.79
0.04367,0.89079,0.24418,16.7317,352.56,56.53,466.675
0.04494,1.08445,0.33492,11.9089,516.7,22.17,452.664
0.07712,1.58004,0.46705,16.0859,291.96,6.0,725.218
0.06163,0.77,0.46975,42.8932,242.11,63.03,582.788
0.02493,1.35711,0.22617,19.8591,599.61,62.42,329.166
0.05736,0.71392,0.19817,35.8722,543.89,44.7,464.15
0.07238,1.33898,0.25297,43.5384,289.91,92.19,572.99
0.03017,1.08095,0.30557,8.4985,331.54,26.25,436.27
0.10335,0.58126,0.25782,39.4261,637.43,80.3,593.498
0.0252,0.83823,0.34644,18.8449,518.68,-10.98,348.52
0.11248,0.71293,0.29948,14.748,474.73,68.78,764.513
0.02991,0.40154,0.19432,36.0006,338.43,98.61,309.357
0.10436,0.33879,0.20558,45.9408,334.61,81.59,683.951
0.11027,0.75042,0.22037,18.2759,217.79,49.56,827.15
0.11796,0.32474,0.09259,30.5975,527.82,55.21,687.598
0.1002,0.51513,0.12473,18.0425,219.43,22.39,733.8
0.09795,1.24274,0.3754,29.9429,202.19,61.54,793.31
0.08425,1.22052,0.22509,32.9838,528.27,72.45,567.986
0.0979,1.26015,0.14654,32.4651,626.99,99.79,653.858
0.03346,0.7123,0.3032,33.0596,540.43,39.1,326.798
0.07361,1.45703,0.38999,11.0786,412.24,-12.64,685.633
0.07142,1.07198,0.16584,36.2093,418.72,51.5,565.091
0.10576,0.46383,0.42206,35.3638,396.26,-5.72,753.201
0.06628,0.48683,0.46738,35.7165,346.09,9.37,565.061
0.05851,1.20102,0.31883,8.3332,434.77,19.45,568.706
0.08396,0.52483,0.35103,25.1077,394.02,67.72,649.596
0.04665,0.95948,0.07366,23.4066,469.18,2.06,413.386
0.03398,1.58931,0.47548,8.902,604.15,-0.11,467.101
0.06779,0.30521,0.22662,15.0066,647.75,-14.6,526.361
0.06169,0.32155,0.46576,24.8433,235.43,84.79,552.44
0.04326,1.59101,0.31054,38.4308,373.11,63.22,438.773
0.05675,1.06003,0.05208,15.6678,281.32,-15.21,527.885
0.05664,0.46498,0.06734,42.3387,358.45,-16.6,433.837
0.05275,1.46649,0.35619,29.5609,329.36,47.04,522.482
0.05795,1.44449,0.3032,39.219,278.54,13.9,532.829
0.08857,0.99706,0.06194,26.265,543.83,51.61,634.929
0.04969,1.10833,0.38456,27.4637,423.33,32.15,467.188
0.11489,0.65514,0.43347,32.8874,613.66,90.8,685.0
0.11163,0.36568,0.27339,46.7587,214.67,14.54,795.404
0.06809,1.07294,0.25959,27.1316,230.14,61.5,573.353
0.05284,0.68318,0.05246,28.7896,381.47,-13.51,463.764
0.07354,1.16271,0.40399,32.0899,236.12,94.7,592.208
0.10486,1.38712,0.19882,38.1882,318.23,97.69,778.962
0.08526,0.32361,0.44544,8.2333,643.71,68.69,638.202
0.10044,1.07443,0.21788,28.2059,294.03,35.83,720.759
0.07327,0.60066,0.30429,26.6716,289.15,6.4,598.973
0.08329,1.43606,0.17165,46.4758,458.14,77.5,563.442
0.04882,0.62976,0.12226,27.2078,424.1,68.36,425.063
0.09349,1.094,0.39871,26.0744,461.2,6.63,733.862
0.04024,1.0196,0.27347,48.299,369.53,34.15,385.582
0.08948,0.81502,0.29142,25.2759,572.04,35.54,633.73
0.10607,1.18091,0.48444,13.1398,262.36,79.17,743.726
0.03321,1.2435,0.48361,14.7612,392.78,62.06,435.911
0.08144,1.03702,0.43504,9.2834,510.39,57.18,673.36
0.02951,1.28595,0.13442,5.0256,590.71,57.98,439.242
0.09257,1.57844,0.31742,24.4376,366.31,12.46,745.248
0.02845,0.84505,0.44517,39.6159,455.49,24.61,331.522
0.11359,0.96896,0.21851,38.006,231.11,-14.52,795.608
0.03374,0.31621,0.0955,6.4467,276.64,74.43,464.187
0.11589,1.33484,0.41493,30.6492,231.11,31.96,779.619
0.10009,0.9763,0.26679,11.9427,527.55,32.59,706.53
0.07937,0.83035,0.30398,47.3484,329.63,9.44,622.473
0.09826,0.42229,0.49196,12.5314,525.69,5.13,673.716
0.09951,1.45655,0.32325,33.1988,229.88,50.54,726.2
0.1146,0.81351,0.24124,19.6807,588.15,7.91,749.985
0.04534,1.18736,0.21649,33.8703,575.99,-12.29,431.849
0.07901,0.49419,0.23793,23.5516,240.02,72.1,638.992
0.0295,1.55001,0.10328,39.1839,210.69,25.18,376.324
0.08162,0.53197,0.40764,15.3806,225.33,25.63,723.991
0.03713,0.5594,0.42697,45.7606,584.13,31.76,325.509
0.0765,1.41668,0.17798,27.5094,305.62,77.81,634.25
0.07724,1.48636,0.18671,39.0242,446.72,18.5,551.863
0.0666,0.57579,0.44345,43.2379,391.81,70.96,540.205
0.07226,0.91074,0.06079,49.9473,557.99,92.75,473.638
0.09639,1.25354,0.28421,15.0776,420.0,59.3,700.414
0.09992,1.44188,0.25865,17.9102,425.3,31.8,737.767
0.06922,0.79277,0.36056,16.2695,645.09,69.73,538.968
0.07996,0.97213,0.12353,16.8292,267.56,34.95,640.195
0.11312,1.26423,0.35075,31.21,573.82,29.73,768.145
0.03197,1.25048,0.21953,49.7085,223.29,43.03,372.409
0.03171,1.31785,0.32842,49.5625,414.94,18.13,366.874
0.02877,1.04091,0.06804,28.7048,598.85,-7.49,310.91
0.08579,0.436,0.25778,33.7562,499.35,29.78,589.795
0.06186,1.47517,0.28501,43.6987,508.35,-5.14,492.384
0.09743,1.42524,0.14645,46.982,318.49,29.25,698.221
0.08712,1.33753,0.11283,14.1737,388.36,46.83,700.459
0.05336,0.42982,0.13481,28.7844,364.96,91.69,478.956
0.10984,0.56572,0.20486,42.4777,434.65,-15.65,750.706
0.09625,1.26668,0.09356,18.6441,408.0,54.58,730.751
0.04705,0.33008,0.47629,24.7914,347.1,34.93,517.718
0.05642,1.57299,0.23225,49.3529,337.47,-17.57,514.985
0.05144,0.79029,0.41404,49.3271,312.88,9.95,478.045
0.03576,1.23511,0.48849,45.7748,364.27,-5.78,418.486
0.03478,1.45384,0.08633,40.9302,267.47,6.02,381.523
0.11361,0.81302,0.34325,17.1109,592.45,12.95,759.114
0.06379,0.71487,0.44213,19.4383,470.95,28.16,530.842
0.05833,1.09136,0.33541,29.6277,260.2,43.48,547.05
0.09297,1.05529,0.24306,30.235,512.24,-19.88,654.069
0.0753,0.83188,0.24398,27.7476,581.45,-0.58,552.889
0.11361,1.08231,0.06615,33.6502,306.89,-8.77,816.407
0.09803,1.516,0.29057,23.3745,267.77,45.96,778.674
0.06794,0.90793,0.49709,38.7128,203.88,19.49,588.207
0.05764,0.55576,0.48142,20.0097,221.26,45.81,539.028
0.11866,0.79037,0.06818,19.8805,543.01,6.62,811.935
0.09178,0.81234,0.36761,10.7252,644.23,-17.09,718.067
0.11512,0.47044,0.18579,13.492,220.2,92.96,779.576
0.03185,0.51173,0.45635,43.2734,536.63,-7.0,325.25
0.10505,1.18993,0.0703,25.0827,232.34,-4.78,776.924
0.08371,0.74132,0.47114,15.2541,466.46,-2.41,688.771
0.03219,1.54137,0.42686,39.1703,540.23,97.75,357.247
0.07883,0.61668,0.10288,29.9292,361.64,54.12,584.526
0.08861,0.4286,0.07692,5.952,204.92,53.23,793.441
0.02123,1.27956,0.42562,19.2363,467.84,98.4,333.847
0.06543,1.44535,0.12009,12.9651,646.06,-9.39,532.652
0.10254,0.66155,0.2907,34.5143,315.93,96.94,699.881
0.04954,0.56271,0.46209,17.3764,285.27,4.48,516.632
0.06585,0.5415,0.30535,7.9226,255.77,54.77,642.544
0.06423,0.97862,0.22875,7.4721,449.87,30.41,570.25
0.05019,0.90894,0.25026,31.1777,468.4,26.07,431.766
0.11184,0.63727,0.0784,5.9776,556.52,91.75,821.458
0.09813,0.35873,0.48594,43.1956,538.88,-2.09,649.568
0.03106,0.92594,0.18979,11.9929,601.64,99.65,353.998
0.1197,1.54713,0.13521,32.2955,562.6,25.5,792.15
0.10792,1.14827,0.17872,25.011,311.27,57.85,733.309
0.04839,0.94416,0.48397,24.9283,450.14,96.15,423.087
0.10369,0.4439,0.09243,8.2309,333.84,-13.09,794.857
0.03064,0.62817,0.44029,41.1239,348.4,90.74,356.738
0.11991,0.68321,0.36853,45.1874,619.37,48.14,790.101
0.08657,1.29424,0.42351,5.4958,506.85,64.53,792.616
0.08501,1.43972,0.48915,13.0372,638.57,-2.1,636.734
0.02904,1.47213,0.42897,45.6757,387.61,44.01,358.103
0.1097,1.57994,0.47452,29.7272,441.85,60.82,785.328
0.0229,1.57708,0.10712,11.7518,419.2,34.75,384.682
0.04408,1.5389,0.4081,14.1256,248.28,-1.4,550.745
0.0343,0.39337,0.29555,34.6994,306.52,9.29,363.371
0.09768,0.47913,0.29457,37.6168,437.44,82.53,653.679
0.03982,0.69581,0.45451,31.9742,230.32,-15.86,459.362
0.11106,1.01877,0.48731,47.8917,619.16,65.06,733.148
0.08563,0.42607,0.36718,27.2329,255.73,99.93,624.202
0.02362,1.39954,0.26732,18.5122,289.09,-19.1,391.859
0.02054,1.10178,0.25538,26.4755,544.39,-0.67,265.331
0.02517,1.00507,0.22385,21.185,243.62,60.9,364.283
0.08059,0.5149,0.21272,15.0987,605.13,-12.8,585.903
0.10015,0.62923,0.22618,7.0683,526.57,50.77,738.521
0.04386,0.50841,0.09039,20.8496,230.88,62.08,445.967
0.10494,1.40751,0.08485,37.0134,511.33,50.58,691.631
0.02572,1.0595,0.40094,5.8297,484.23,23.82,420.583
0.1001,1.25567,0.25073,24.763,540.81,63.67,695.439
0.11278,0.68484,0.46881,33.9804,572.69,51.32,705.806
0.09721,0.78263,0.3255,32.4682,523.26,4.92,680.328
0.08981,0.82631,0.06583,39.9492,463.78,47.58,573.721
0.1038,1.28802,0.12089,41.4734,345.11,85.83,708.648
0.02402,1.30406,0.14262,37.0268,513.77,60.02,284.384
0.04018,0.56886,0.48908,9.6259,630.64,36.61,447.132
0.03249,1.524,0.14842,26.376,464.38,18.59,374.334
0.07045,0.45685,0.28209,32.1533,498.96,-9.69,522.213
0.09452,1.46496,0.47128,16.0505,396.71,9.36,708.256
0.083,0.43051,0.48974,6.9148,540.25,-18.66,671.592
0.10511,0.6439,0.15636,15.0616,648.95,98.4,673.656
0.03552,1.40042,0.0721,25.4702,272.18,6.7,419.845
0.09346,0.53334,0.11912,23.6269,291.08,77.79,655.62
0.0393,0.83764,0.0785,12.95,442.75,0.24,443.25
0.04708,0.88482,0.13781,42.0987,416.62,14.03,407.416
0.09099,0.61884,0.30586,46.6559,457.21,30.19,597.831
0.11802,1.22332,0.4606,14.0607,222.08,18.93,894.361
0.08115,1.40674,0.29175,46.8308,381.92,75.8,607.703
0.02545,1.43695,0.3317,5.8037,462.34,94.92,462.058
0.08163,0.74112,0.14084,46.6233,463.34,85.04,595.735
0.02424,0.99011,0.41026,47.8368,495.8,-1.57,297.817
0.10841,0.62293,0.32801,5.5423,524.1,73.2,839.162
0.09096,0.61824,0.43886,39.3359,488.7,-2.25,650.603
0.03731,0.50963,0.47698,48.6591,555.61,89.61,330.132
0.02917,1.52202,0.20656,45.7656,481.14,42.15,320.301
0.03835,1.45439,0.09076,48.682,441.88,20.37,348.333
0.118,1.31057,0.15167,29.7646,472.79,-1.16,773.42
0.06586,0.97296,0.24703,8.517,245.54,-18.58,634.455
0.09841,0.93779,0.47556,43.2405,322.92,9.75,669.091
0.08364,0.98867,0.22024,32.6223,437.33,89.68,578.579
0.07724,0.99754,0.39685,32.6632,592.84,75.67,529.273
0.03451,0.86493,0.29321,23.7764,505.57,96.38,363.637
0.1146,0.47128,0.13226,30.7329,240.68,-7.91,809.052
0.05013,0.46336,0.19433,11.9111,466.52,51.06,458.721
0.0778,1.53792,0.34394,38.2897,299.78,10.86,625.443
0.08998,0.92664,0.35278,8.3758,530.31,45.15,670.363
0.08492,1.53917,0.24564,37.8401,572.35,18.45,592.126
0.11406,0.51265,0.15289,43.204,467.06,14.02,736.631
0.03484,1.02074,0.37486,26.2611,466.11,48.86,393.418
0.07084,0.57003,0.12599,27.9424,352.37,2.0,538.6
0.0604,0.62914,0.4715,19.0496,400.81,36.3,561.229
0.06742,0.33907,0.13456,48.6256,588.85,58.1,420.37
0.03192,0.45464,0.09829,37.9906,525.49,-4.62,290.591
0.03341,1.4919,0.27394,21.6045,433.89,91.67,400.393
0.04781,0.71799,0.2838,12.8663,365.7,40.69,530.129
0.05047,1.09057,0.27869,14.8811,222.67,78.34,541.675
0.06279,0.90452,0.2465,25.8765,264.35,58.47,544.293
0.0811,0.82059,0.49767,47.4156,286.86,65.2,568.609
0.08346,0.99145,0.26883,38.0366,368.02,65.94,564.463
0.06118,0.54341,0.26508,14.686,624.86,85.01,487.526
0.06088,1.58519,0.23979,43.6803,427.32,53.63,493.385
0.04176,1.3638,0.08007,22.019,305.68,13.39,431.358
0.07883,1.2641,0.31683,43.3275,247.59,-8.06,636.592
0.0517,0.90939,0.15259,15.8765,352.24,52.75,497.863
0.02361,0.49874,0.33692,32.8397,567.08,-12.04,296.049
0.06184,1.49687,0.07288,46.7002,372.5,8.96,508.503
0.06741,0.7438,0.49162,16.6052,547.63,-12.72,596.535
0.04256,0.36514,0.26105,36.1817,561.22,45.87,354.376
0.07725,0.74512,0.45354,49.4291,249.87,-0.76,611.539
0.07658,1.33279,0.264,11.7769,473.9,53.25,668.562
0.0902,1.10952,0.07715,8.9781,631.59,74.9,647.632
0.08479,1.27609,0.42,35.3388,380.96,78.63,714.776
0.08524,1.33173,0.34168,20.2881,222.92,17.15,720.43
0.05162,0.57554,0.40179,8.206,615.49,45.87,515.617
0.09874,1.50092,0.24268,26.3888,597.65,47.56,692.748
0.07491,0.86939,0.33707,38.9197,434.96,36.75,606.307
0.06314,1.13072,0.4353,17.8305,448.51,58.61,573.104
0.0826,0.303,0.33398,20.0771,295.28,5.21,610.68
0.05607,1.59138,0.20645,43.0565,568.75,97.51,462.662
0.07127,0.66517,0.34814,28.4032,424.37,-8.23,557.081
